<component name="ProjectRunConfigurationManager">
  <configuration default="false" name="[PARSE][VISIO][CUSTOM]" type="PythonConfigurationType" factoryName="Python" folderName="parse">
    <module name="startleft" />
    <option name="INTERPRETER_OPTIONS" value="" />
    <option name="PARENT_ENVS" value="true" />
    <envs>
      <env name="PYTHONUNBUFFERED" value="1" />
    </envs>
    <option name="SDK_HOME" value="$PROJECT_DIR$/venv/bin/python" />
    <option name="WORKING_DIRECTORY" value="$PROJECT_DIR$" />
    <option name="IS_MODULE_SDK" value="false" />
    <option name="ADD_CONTENT_ROOTS" value="true" />
    <option name="ADD_SOURCE_ROOTS" value="true" />
    <option name="SCRIPT_NAME" value="$PROJECT_DIR$/startleft/startleft/cli/cli.py" />
    <option name="PARAMETERS" value="parse examples/visio/aws-with-tz-and-vpc.vsdx --output-file &quot;visio-aws-with-tz.otm&quot; --project-name &quot;visio-aws-with-tz&quot; --project-id visio-aws-with-tz --diagram-type VISIO --default-mapping-file examples/visio/iriusrisk-visio-aws-mapping.yaml --custom-mapping-file tests/resources/visio/custom-vpc-mapping.yaml" />
    <option name="SHOW_COMMAND_LINE" value="false" />
    <option name="EMULATE_TERMINAL" value="false" />
    <option name="MODULE_MODE" value="false" />
    <option name="REDIRECT_INPUT" value="false" />
    <option name="INPUT_FILE" value="" />
    <method v="2" />
  </configuration>
</component>