<component name="ProjectRunConfigurationManager">
  <configuration default="false" name="[PARSE][CFT][SECURITY GROUPS]" type="PythonConfigurationType" factoryName="Python" folderName="parse">
    <module name="startleft" />
    <option name="INTERPRETER_OPTIONS" value="" />
    <option name="PARENT_ENVS" value="true" />
    <envs>
      <env name="PYTHONUNBUFFERED" value="1" />
    </envs>
    <option name="SDK_HOME" value="$PROJECT_DIR$/venv/bin/python" />
    <option name="WORKING_DIRECTORY" value="$PROJECT_DIR$" />
    <option name="IS_MODULE_SDK" value="false" />
    <option name="ADD_CONTENT_ROOTS" value="true" />
    <option name="ADD_SOURCE_ROOTS" value="true" />
    <option name="SCRIPT_NAME" value="$PROJECT_DIR$/startleft/startleft/cli/cli.py" />
    <option name="PARAMETERS" value="parse examples/cloudformation/multinetwork_security_groups_with_lb.json --project-name &quot;multinetwork_security_groups_with_lb&quot; --project-id multinetwork_security_groups_with_lb --iac-type CLOUDFORMATION --mapping-file examples/cloudformation/iriusrisk-cft-mapping.yaml" />
    <option name="SHOW_COMMAND_LINE" value="false" />
    <option name="EMULATE_TERMINAL" value="false" />
    <option name="MODULE_MODE" value="false" />
    <option name="REDIRECT_INPUT" value="false" />
    <option name="INPUT_FILE" value="" />
    <method v="2" />
  </configuration>
</component>